﻿{
    "data": [
        {
            "id": "1",
            "barcode": "301",
            "lokasi": "Depan Office",
            "detail": "pojok kiri",
            "start_date": "2011/04/25",
            "office": "Kiyonuni",
            "extn": "5421"
        },
        {
            "id": "2",
            "barcode": "300",
            "lokasi": "Depan Office",
            "detail": "1 dari kiri",
            "start_date": "2011/04/26",
            "office": "Kiyonuni",
            "extn": "5421"
        },
        {
            "id": "3",
            "barcode": "073",
            "lokasi": "Depan Office",
            "detail": "2 dari kiri",
            "start_date": "2011/04/27",
            "office": "Kiyonuni",
            "extn": "5421"
        },
        {
            "id": "4",
            "barcode": "081",
            "lokasi": "Depan Office",
            "detail": "3 dari kiri",
            "start_date": "2011/04/28",
            "office": "Kiyonuni",
            "extn": "5421"
        },
        {
            "id": "5",
            "barcode": "074",
            "lokasi": "Depan Office",
            "detail": "4  dari kiri",
            "start_date": "2011/04/29",
            "office": "Kiyonuni",
            "extn": "5421"
        },
        {
            "id": "6",
            "barcode": "185",
            "lokasi": "Depan Office",
            "detail": "5 dari kiri",
            "start_date": "2011/04/30",
            "office": "Kiyonuni",
            "extn": "5421"
        },
        {
            "id": "7",
            "barcode": "465",
            "lokasi": "Depan Office",
            "detail": "6 dari kiri",
            "start_date": "2011/05/01",
            "office": "Kiyonuni",
            "extn": "5421"
        },
        {
            "id": "8",
            "barcode": "061",
            "lokasi": "Depan Office",
            "detail": "7 dari kiri",
            "start_date": "2011/05/02",
            "office": "Kiyonuni",
            "extn": "5421"
        },
        {
            "id": "9",
            "barcode": "910",
            "lokasi": "Depan Office",
            "detail": "8 dari kiri",
            "start_date": "2011/05/03",
            "office": "Kiyonuni",
            "extn": "5421"
        },
        {
            "id": "10",
            "barcode": "071",
            "lokasi": "Depan Office",
            "detail": "pojok kanan",
            "start_date": "2011/05/04",
            "office": "Kiyonuni",
            "extn": "5421"
        },
        {
            "id": "11",
            "barcode": "906",
            "lokasi": "Samping Krangkeng",
            "detail": "pojok kiri",
            "start_date": "2011/05/05",
            "office": "Kiyonuni",
            "extn": "5421"
        },
        {
            "id": "12",
            "barcode": "072",
            "lokasi": "Samping Krangkeng",
            "detail": "1 dari kiri",
            "start_date": "2011/05/06",
            "office": "Kiyonuni",
            "extn": "5421"
        },
        {
            "id": "13",
            "barcode": "993",
            "lokasi": "Samping Krangkeng",
            "detail": "2 dari kiri",
            "start_date": "2011/05/07",
            "office": "Kiyonuni",
            "extn": "5421"
        },
        {
            "id": "14",
            "barcode": "076",
            "lokasi": "Samping Krangkeng",
            "detail": "3 dari kiri",
            "start_date": "2011/05/08",
            "office": "Kiyonuni",
            "extn": "5421"
        },
        {
            "id": "15",
            "barcode": "952",
            "lokasi": "Samping Krangkeng",
            "detail": "4  dari kiri",
            "start_date": "2011/05/09",
            "office": "Kiyonuni",
            "extn": "5421"
        },
        {
            "id": "16",
            "barcode": "077",
            "lokasi": "Samping Krangkeng",
            "detail": "5 dari kiri",
            "start_date": "2011/05/10",
            "office": "Kiyonuni",
            "extn": "5421"
        },
        {
            "id": "17",
            "barcode": "954",
            "lokasi": "Samping Krangkeng",
            "detail": "6 dari kiri",
            "start_date": "2011/05/11",
            "office": "Kiyonuni",
            "extn": "5421"
        },
        {
            "id": "18",
            "barcode": "802",
            "lokasi": "Samping Krangkeng",
            "detail": "pojok kanan",
            "start_date": "2011/05/12",
            "office": "Kiyonuni",
            "extn": "5421"
        },
        {
            "id": "19",
            "barcode": "786",
            "lokasi": "turunan compreyor",
            "detail": "-",
            "start_date": "2011/05/13",
            "office": "Kiyonuni",
            "extn": "5421"
        },
        {
            "id": "20",
            "barcode": "plastic-04",
            "lokasi": "depan compreyor",
            "detail": "pojok",
            "start_date": "2011/05/14",
            "office": "Kiyonuni",
            "extn": "5421"
        },
        {
            "id": "21",
            "barcode": "plastic-05",
            "lokasi": "depan compreyor",
            "detail": "tengah",
            "start_date": "2011/05/15",
            "office": "Kiyonuni",
            "extn": "5421"
        },
        {
            "id": "22",
            "barcode": "plastic-06",
            "lokasi": "depan compreyor",
            "detail": "paling depan",
            "start_date": "2011/05/16",
            "office": "Kiyonuni",
            "extn": "5421"
        },
        {
            "id": "23",
            "barcode": "902",
            "lokasi": "depan compreyor",
            "detail": "1 dari kiri",
            "start_date": "2011/05/17",
            "office": "Kiyonuni",
            "extn": "5421"
        },
        {
            "id": "24",
            "barcode": "902",
            "lokasi": "depan compreyor",
            "detail": "2 dari kiri",
            "start_date": "2011/05/18",
            "office": "Kiyonuni",
            "extn": "5421"
        },
        {
            "id": "25",
            "barcode": "384",
            "lokasi": "depan compreyor",
            "detail": "3 dari kiri",
            "start_date": "2011/05/19",
            "office": "Kiyonuni",
            "extn": "5421"
        },
        {
            "id": "26",
            "barcode": "086",
            "lokasi": "depan compreyor",
            "detail": "4  dari kiri",
            "start_date": "2011/05/20",
            "office": "Kiyonuni",
            "extn": "5421"
        },
        {
            "id": "27",
            "barcode": "949",
            "lokasi": "depan compreyor",
            "detail": "5 dari kiri",
            "start_date": "2011/05/21",
            "office": "Kiyonuni",
            "extn": "5421"
        },
        {
            "id": "28",
            "barcode": "007",
            "lokasi": "owen",
            "detail": "1 dari kiri",
            "start_date": "2011/05/22",
            "office": "Kiyonuni",
            "extn": "5421"
        },
        {
            "id": "29",
            "barcode": "298",
            "lokasi": "owen",
            "detail": "2 dari kiri",
            "start_date": "2011/05/23",
            "office": "Kiyonuni",
            "extn": "5421"
        },
        {
            "id": "30",
            "barcode": "219",
            "lokasi": "owen",
            "detail": "3 dari kiri",
            "start_date": "2011/05/24",
            "office": "Kiyonuni",
            "extn": "5421"
        },
        {
            "id": "31",
            "barcode": "494",
            "lokasi": "owen",
            "detail": "4  dari kiri",
            "start_date": "2011/05/25",
            "office": "Kiyonuni",
            "extn": "5421"
        },
        {
            "id": "32",
            "barcode": "268",
            "lokasi": "owen",
            "detail": "5 dari kiri",
            "start_date": "2011/05/26",
            "office": "Kiyonuni",
            "extn": "5421"
        },
        {
            "id": "33",
            "barcode": "269",
            "lokasi": "owen",
            "detail": "6 dari kiri",
            "start_date": "2011/05/27",
            "office": "Kiyonuni",
            "extn": "5421"
        },
        {
            "id": "34",
            "barcode": "511",
            "lokasi": "owen",
            "detail": "7 dari kiri",
            "start_date": "2011/05/28",
            "office": "Kiyonuni",
            "extn": "5421"
        },
        {
            "id": "35",
            "barcode": "059",
            "lokasi": "owen",
            "detail": "8 dari kiri",
            "start_date": "2011/05/29",
            "office": "Kiyonuni",
            "extn": "5421"
        },
        {
            "id": "36",
            "barcode": "075",
            "lokasi": "owen",
            "detail": "pojok kanan",
            "start_date": "2011/05/30",
            "office": "Kiyonuni",
            "extn": "5421"
        },
        {
            "id": "37",
            "barcode": "398",
            "lokasi": "Gang 2",
            "detail": "1 dari kiri",
            "start_date": "2011/05/31",
            "office": "Kiyonuni",
            "extn": "5421"
        },
        {
            "id": "38",
            "barcode": "306",
            "lokasi": "Gang 2",
            "detail": "2 dari kiri",
            "start_date": "2011/06/01",
            "office": "Kiyonuni",
            "extn": "5421"
        },
        {
            "id": "39",
            "barcode": "066",
            "lokasi": "Gang 2",
            "detail": "3 dari kiri",
            "start_date": "2011/06/02",
            "office": "Kiyonuni",
            "extn": "5421"
        },
        {
            "id": "40",
            "barcode": "925",
            "lokasi": "Gang 2",
            "detail": "4  dari kiri",
            "start_date": "2011/06/03",
            "office": "Kiyonuni",
            "extn": "5421"
        },
        {
            "id": "41",
            "barcode": "084",
            "lokasi": "Gang 2",
            "detail": "5 dari kiri",
            "start_date": "2011/06/04",
            "office": "Kiyonuni",
            "extn": "5421"
        },
        {
            "id": "42",
            "barcode": "536",
            "lokasi": "Gang 2",
            "detail": "pojok kanan",
            "start_date": "2011/06/05",
            "office": "Kiyonuni",
            "extn": "5421"
        },
        {
            "id": "43",
            "barcode": "618",
            "lokasi": "Lift 7 B dekat pintu EXIT ",
            "detail": "1 dari kiri",
            "start_date": "2011/06/06",
            "office": "Kiyonuni",
            "extn": "5421"
        },
        {
            "id": "44",
            "barcode": "606",
            "lokasi": "Lift 7 B dekat pintu EXIT ",
            "detail": "2 dari kiri",
            "start_date": "2011/06/07",
            "office": "Kiyonuni",
            "extn": "5421"
        },
        {
            "id": "45",
            "barcode": "608",
            "lokasi": "Lift 7 B dekat pintu EXIT ",
            "detail": "3 dari kiri",
            "start_date": "2011/06/08",
            "office": "Kiyonuni",
            "extn": "5421"
        },
        {
            "id": "46",
            "barcode": "611",
            "lokasi": "Lift 7 B dekat pintu EXIT ",
            "detail": "4  dari kiri",
            "start_date": "2011/06/09",
            "office": "Kiyonuni",
            "extn": "5421"
        },
        {
            "id": "47",
            "barcode": "332",
            "lokasi": "Lift 7 B dekat pintu EXIT ",
            "detail": "5 dari kiri",
            "start_date": "2011/06/10",
            "office": "Kiyonuni",
            "extn": "5421"
        },
        {
            "id": "48",
            "barcode": "912",
            "lokasi": "Lift 7 B dekat pintu EXIT ",
            "detail": "6 dari kiri",
            "start_date": "2011/06/11",
            "office": "Kiyonuni",
            "extn": "5421"
        },
        {
            "id": "49",
            "barcode": "316",
            "lokasi": "Lift 7 B dekat pintu EXIT ",
            "detail": "7 dari kiri",
            "start_date": "2011/06/12",
            "office": "Kiyonuni",
            "extn": "5421"
        },
        {
            "id": "50",
            "barcode": "310",
            "lokasi": "Lift 7 B dekat pintu EXIT ",
            "detail": "pojok kanan",
            "start_date": "2011/06/13",
            "office": "Kiyonuni",
            "extn": "5421"
        },
        {
            "id": "51",
            "barcode": "968",
            "lokasi": "Lift 7 A dekat pintu EXIT ",
            "detail": "1 dari kiri",
            "start_date": "2011/06/14",
            "office": "Kiyonuni",
            "extn": "5421"
        },
        {
            "id": "52",
            "barcode": "816",
            "lokasi": "Lift 7 A dekat pintu EXIT ",
            "detail": "2 dari kiri",
            "start_date": "2011/06/15",
            "office": "Kiyonuni",
            "extn": "5421"
        },
        {
            "id": "53",
            "barcode": "930",
            "lokasi": "Lift 7 A dekat pintu EXIT ",
            "detail": "3 dari kiri",
            "start_date": "2011/06/16",
            "office": "Kiyonuni",
            "extn": "5421"
        },
        {
            "id": "54",
            "barcode": "815",
            "lokasi": "Lift 7 A dekat pintu EXIT ",
            "detail": "4  dari kiri",
            "start_date": "2011/06/17",
            "office": "Kiyonuni",
            "extn": "5421"
        },
        {
            "id": "55",
            "barcode": "916",
            "lokasi": "Lift 7 A dekat pintu EXIT ",
            "detail": "5 dari kiri",
            "start_date": "2011/06/18",
            "office": "Kiyonuni",
            "extn": "5421"
        },
        {
            "id": "56",
            "barcode": "107",
            "lokasi": "Lift 7 A dekat pintu EXIT ",
            "detail": "6 dari kiri",
            "start_date": "2011/06/19",
            "office": "Kiyonuni",
            "extn": "5421"
        },
        {
            "id": "57",
            "barcode": "913",
            "lokasi": "Lift 7 A dekat pintu EXIT ",
            "detail": "pojok kanan",
            "start_date": "2011/06/20",
            "office": "Kiyonuni",
            "extn": "5421"
        },
        {
            "id": "58",
            "barcode": "273",
            "lokasi": "Gang 1",
            "detail": "1 dari kiri",
            "start_date": "2011/06/21",
            "office": "Kiyonuni",
            "extn": "5421"
        },
        {
            "id": "59",
            "barcode": "320",
            "lokasi": "Gang 1",
            "detail": "2 dari kiri",
            "start_date": "2011/06/22",
            "office": "Kiyonuni",
            "extn": "5421"
        },
        {
            "id": "60",
            "barcode": "465",
            "lokasi": "Gang 1",
            "detail": "3 dari kiri",
            "start_date": "2011/06/23",
            "office": "Kiyonuni",
            "extn": "5421"
        },
        {
            "id": "61",
            "barcode": "085",
            "lokasi": "Gang 1",
            "detail": "4  dari kiri",
            "start_date": "2011/06/24",
            "office": "Kiyonuni",
            "extn": "5421"
        },
        {
            "id": "62",
            "barcode": "467",
            "lokasi": "Gang 1",
            "detail": "5 dari kiri",
            "start_date": "2011/06/25",
            "office": "Kiyonuni",
            "extn": "5421"
        },
        {
            "id": "63",
            "barcode": "429",
            "lokasi": "Gang 1",
            "detail": "6 dari kiri",
            "start_date": "2011/06/26",
            "office": "Kiyonuni",
            "extn": "5421"
        },
        {
            "id": "64",
            "barcode": "428",
            "lokasi": "Gang 1",
            "detail": "7 dari kiri",
            "start_date": "2011/06/27",
            "office": "Kiyonuni",
            "extn": "5421"
        },
        {
            "id": "65",
            "barcode": "070",
            "lokasi": "Gang 1",
            "detail": "8 dari kiri",
            "start_date": "2011/06/28",
            "office": "Kiyonuni",
            "extn": "5421"
        },
        {
            "id": "66",
            "barcode": "307",
            "lokasi": "Gang 1",
            "detail": "9 dari kiri",
            "start_date": "2011/06/29",
            "office": "Kiyonuni",
            "extn": "5421"
        },
        {
            "id": "67",
            "barcode": "050",
            "lokasi": "Gang 1",
            "detail": "10 dari kiri",
            "start_date": "2011/06/30",
            "office": "Kiyonuni",
            "extn": "5421"
        },
        {
            "id": "68",
            "barcode": "049",
            "lokasi": "Gang 1",
            "detail": "11 dari kiri",
            "start_date": "2011/07/01",
            "office": "Kiyonuni",
            "extn": "5421"
        },
        {
            "id": "69",
            "barcode": "921",
            "lokasi": "depan harness",
            "detail": "pojok kiri",
            "start_date": "2011/07/02",
            "office": "Kiyonuni",
            "extn": "5421"
        },
        {
            "id": "70",
            "barcode": "463",
            "lokasi": "depan harness",
            "detail": "1 dari kiri",
            "start_date": "2011/07/03",
            "office": "Kiyonuni",
            "extn": "5421"
        },
        {
            "id": "71",
            "barcode": "304",
            "lokasi": "depan harness",
            "detail": "pojok kanan",
            "start_date": "2011/07/04",
            "office": "Kiyonuni",
            "extn": "5421"
        },
        {
            "id": "72",
            "barcode": "949",
            "lokasi": "gang 3",
            "detail": "1 dari kiri",
            "start_date": "2011/07/05",
            "office": "Kiyonuni",
            "extn": "5421"
        },
        {
            "id": "73",
            "barcode": "927",
            "lokasi": "gang 3",
            "detail": "2 dari kiri",
            "start_date": "2011/07/06",
            "office": "Kiyonuni",
            "extn": "5421"
        },
        {
            "id": "74",
            "barcode": "051",
            "lokasi": "gang 3",
            "detail": "3 dari kiri",
            "start_date": "2011/07/07",
            "office": "Kiyonuni",
            "extn": "5421"
        },
        {
            "id": "75",
            "barcode": "052",
            "lokasi": "gang 3",
            "detail": "4 dari kiri",
            "start_date": "2011/07/08",
            "office": "Kiyonuni",
            "extn": "5421"
        },
        {
            "id": "76",
            "barcode": "933",
            "lokasi": "gang 3",
            "detail": "pojok kanan",
            "start_date": "2011/07/09",
            "office": "Kiyonuni",
            "extn": "5421"
        },
        {
            "id": "77",
            "barcode": "217",
            "lokasi": "gang 4",
            "detail": "1 dari kiri",
            "start_date": "2011/07/10",
            "office": "Kiyonuni",
            "extn": "5421"
        },
        {
            "id": "78",
            "barcode": "950",
            "lokasi": "gang 4",
            "detail": "2 dari kiri",
            "start_date": "2011/07/11",
            "office": "Kiyonuni",
            "extn": "5421"
        },
        {
            "id": "79",
            "barcode": "947",
            "lokasi": "gang 4",
            "detail": "3 dari kiri",
            "start_date": "2011/07/12",
            "office": "Kiyonuni",
            "extn": "5421"
        },
        {
            "id": "80",
            "barcode": "907",
            "lokasi": "gang 4",
            "detail": "4 dari kiri",
            "start_date": "2011/07/13",
            "office": "Kiyonuni",
            "extn": "5421"
        },
        {
            "id": "81",
            "barcode": "588",
            "lokasi": "gang 4",
            "detail": "5 dari kiri",
            "start_date": "2011/07/14",
            "office": "Kiyonuni",
            "extn": "5421"
        },
        {
            "id": "82",
            "barcode": "992",
            "lokasi": "gang 4",
            "detail": "6 dari kiri",
            "start_date": "2011/07/15",
            "office": "Kiyonuni",
            "extn": "5421"
        },
        {
            "id": "83",
            "barcode": "991",
            "lokasi": "gang 4",
            "detail": "7 dari kiri",
            "start_date": "2011/07/16",
            "office": "Kiyonuni",
            "extn": "5421"
        },
        {
            "id": "84",
            "barcode": "065",
            "lokasi": "Depan Lift 5",
            "detail": "1 dari kiri",
            "start_date": "2011/07/17",
            "office": "Kiyonuni",
            "extn": "5421"
        },
        {
            "id": "85",
            "barcode": "075",
            "lokasi": "Depan Lift 5",
            "detail": "2 dari kiri",
            "start_date": "2011/07/18",
            "office": "Kiyonuni",
            "extn": "5421"
        },
        {
            "id": "86",
            "barcode": "935",
            "lokasi": "Depan Lift 5",
            "detail": "3 dari kiri",
            "start_date": "2011/07/19",
            "office": "Kiyonuni",
            "extn": "5421"
        },
        {
            "id": "87",
            "barcode": "786",
            "lokasi": "Depan Lift 5",
            "detail": "4 dari kiri",
            "start_date": "2011/07/20",
            "office": "Kiyonuni",
            "extn": "5421"
        },
        {
            "id": "88",
            "barcode": "466",
            "lokasi": "Depan Lift 5",
            "detail": "5 dari kiri",
            "start_date": "2011/07/21",
            "office": "Kiyonuni",
            "extn": "5421"
        },
        {
            "id": "89",
            "barcode": "305",
            "lokasi": "Depan Lift 5",
            "detail": "6 dari kiri",
            "start_date": "2011/07/22",
            "office": "Kiyonuni",
            "extn": "5421"
        },
        {
            "id": "90",
            "barcode": "078",
            "lokasi": "Depan Lift 5",
            "detail": "7 dari kiri",
            "start_date": "2011/07/23",
            "office": "Kiyonuni",
            "extn": "5421"
        },
        {
            "id": "91",
            "barcode": "067",
            "lokasi": "Depan Lift 5",
            "detail": "8 dari kiri",
            "start_date": "2011/07/24",
            "office": "Kiyonuni",
            "extn": "5421"
        },
        {
            "id": "92",
            "barcode": "468",
            "lokasi": "Depan Lift 5",
            "detail": "9 dari kiri",
            "start_date": "2011/07/25",
            "office": "Kiyonuni",
            "extn": "5421"
        },
        {
            "id": "93",
            "barcode": "079",
            "lokasi": "Gang 5",
            "detail": "1 dari kiri",
            "start_date": "2011/07/26",
            "office": "Kiyonuni",
            "extn": "5421"
        },
        {
            "id": "94",
            "barcode": "818",
            "lokasi": "Gang 5",
            "detail": "2 dari kiri",
            "start_date": "2011/07/27",
            "office": "Kiyonuni",
            "extn": "5421"
        },
        {
            "id": "95",
            "barcode": "917",
            "lokasi": "Gang 5",
            "detail": "3 dari kiri",
            "start_date": "2011/07/28",
            "office": "Kiyonuni",
            "extn": "5421"
        },
        {
            "id": "96",
            "barcode": "076",
            "lokasi": "Gang 5",
            "detail": "4 dari kiri",
            "start_date": "2011/07/29",
            "office": "Kiyonuni",
            "extn": "5421"
        },
        {
            "id": "97",
            "barcode": "303",
            "lokasi": "Gang 5",
            "detail": "5 dari kiri",
            "start_date": "2011/07/30",
            "office": "Kiyonuni",
            "extn": "5421"
        },
        {
            "id": "98",
            "barcode": "302",
            "lokasi": "Gang 5",
            "detail": "6 dari kiri",
            "start_date": "2011/07/31",
            "office": "Kiyonuni",
            "extn": "5421"
        },
        {
            "id": "99",
            "barcode": "346",
            "lokasi": "Gang 5",
            "detail": "7 dari kiri",
            "start_date": "2011/08/01",
            "office": "Kiyonuni",
            "extn": "5421"
        },
        {
            "id": "100",
            "barcode": "347",
            "lokasi": "Gang 5",
            "detail": "8 dari kiri",
            "start_date": "2011/08/02",
            "office": "Kiyonuni",
            "extn": "5421"
        },
        {
            "id": "101",
            "barcode": "919",
            "lokasi": "Gang 5",
            "detail": "9 dari kiri",
            "start_date": "2011/08/03",
            "office": "Kiyonuni",
            "extn": "5421"
        },
        {
            "id": "102",
            "barcode": "619",
            "lokasi": "Lift 7 Samping PIPA",
            "detail": "1 dari kiri",
            "start_date": "2011/08/04",
            "office": "Kiyonuni",
            "extn": "5421"
        },
        {
            "id": "103",
            "barcode": "546",
            "lokasi": "Lift 7 Samping PIPA",
            "detail": "2 dari kiri",
            "start_date": "2011/08/05",
            "office": "Kiyonuni",
            "extn": "5421"
        },
        {
            "id": "104",
            "barcode": "607",
            "lokasi": "Lift 7 Samping PIPA",
            "detail": "3 dari kiri",
            "start_date": "2011/08/06",
            "office": "Kiyonuni",
            "extn": "5421"
        },
        {
            "id": "105",
            "barcode": "035",
            "lokasi": "Lift 7 Samping PIPA",
            "detail": "4 dari kiri",
            "start_date": "2011/08/07",
            "office": "Kiyonuni",
            "extn": "5421"
        },
        {
            "id": "106",
            "barcode": "725",
            "lokasi": "Lift 7 Samping PIPA",
            "detail": "5 dari kiri",
            "start_date": "2011/08/08",
            "office": "Kiyonuni",
            "extn": "5421"
        },
        {
            "id": "107",
            "barcode": "044",
            "lokasi": "Lift 7 Samping PIPA",
            "detail": "6 dari kiri",
            "start_date": "2011/08/09",
            "office": "Kiyonuni",
            "extn": "5421"
        },
        {
            "id": "108",
            "barcode": "439",
            "lokasi": "Lift 7 Samping PIPA",
            "detail": "7 dari kiri",
            "start_date": "2011/08/10",
            "office": "Kiyonuni",
            "extn": "5421"
        },
        {
            "id": "109",
            "barcode": "951",
            "lokasi": "Lift 7 Samping PIPA",
            "detail": "8 dari kiri",
            "start_date": "2011/08/11",
            "office": "Kiyonuni",
            "extn": "5421"
        }
    ]
}