﻿{
    "data": [
        {
            "id": "1",
            "barcode": "820",
            "detail": "kolom 1 baris 1",
            "lokasi": "RAK 1",
            "start_date": "121212",
            "office": "kiyokuni",
            "extn": "121221"
        },
        {
            "id": "2",
            "barcode": "920",
            "detail": "kolom 1 baris 2",
            "lokasi": "RAK 1",
            "start_date": "121212",
            "office": "kiyokuni",
            "extn": "121221"
        },
        {
            "id": "3",
            "barcode": "808",
            "detail": "kolom 1 baris 3",
            "lokasi": "RAK 1",
            "start_date": "121212",
            "office": "kiyokuni",
            "extn": "121221"
        },
        {
            "id": "4",
            "barcode": "914",
            "detail": "kolom 1 baris 4",
            "lokasi": "RAK 1",
            "start_date": "121212",
            "office": "kiyokuni",
            "extn": "121221"
        },
        {
            "id": "5",
            "barcode": "736",
            "detail": "kolom 1 baris 5",
            "lokasi": "RAK 1",
            "start_date": "121212",
            "office": "kiyokuni",
            "extn": "121221"
        },
        {
            "id": "6",
            "barcode": "079",
            "detail": "kolom 2 baris 1",
            "lokasi": "RAK 1",
            "start_date": "121212",
            "office": "kiyokuni",
            "extn": "121221"
        },
        {
            "id": "7",
            "barcode": "436",
            "detail": "kolom 2 baris 2",
            "lokasi": "RAK 1",
            "start_date": "121212",
            "office": "kiyokuni",
            "extn": "121221"
        },
        {
            "id": "8",
            "barcode": "439",
            "detail": "kolom 2 baris 3",
            "lokasi": "RAK 1",
            "start_date": "121212",
            "office": "kiyokuni",
            "extn": "121221"
        },
        {
            "id": "9",
            "barcode": "454",
            "detail": "kolom 2 baris 4",
            "lokasi": "RAK 1",
            "start_date": "121212",
            "office": "kiyokuni",
            "extn": "121221"
        },
        {
            "id": "10",
            "barcode": "911",
            "detail": "kolom 2 baris 5",
            "lokasi": "RAK 1",
            "start_date": "121212",
            "office": "kiyokuni",
            "extn": "121221"
        },
        {
            "id": "11",
            "barcode": "568",
            "detail": "kolom 3 baris 1",
            "lokasi": "RAK 1",
            "start_date": "121212",
            "office": "kiyokuni",
            "extn": "121221"
        },
        {
            "id": "12",
            "barcode": "655",
            "detail": "kolom 3 baris 2",
            "lokasi": "RAK 1",
            "start_date": "121212",
            "office": "kiyokuni",
            "extn": "121221"
        },
        {
            "id": "13",
            "barcode": "490",
            "detail": "kolom 3 baris 3",
            "lokasi": "RAK 1",
            "start_date": "121212",
            "office": "kiyokuni",
            "extn": "121221"
        },
        {
            "id": "14",
            "barcode": "928",
            "detail": "kolom 3 baris 4",
            "lokasi": "RAK 1",
            "start_date": "121212",
            "office": "kiyokuni",
            "extn": "121221"
        },
        {
            "id": "15",
            "barcode": "463",
            "detail": "kolom 3 baris 5",
            "lokasi": "RAK 1",
            "start_date": "121212",
            "office": "kiyokuni",
            "extn": "121221"
        },
        {
            "id": "16",
            "barcode": "206",
            "detail": "kolom 4 baris 1",
            "lokasi": "RAK 1",
            "start_date": "121212",
            "office": "kiyokuni",
            "extn": "121221"
        },
        {
            "id": "17",
            "barcode": "803",
            "detail": "kolom 4 baris 2",
            "lokasi": "RAK 1",
            "start_date": "121212",
            "office": "kiyokuni",
            "extn": "121221"
        },
        {
            "id": "18",
            "barcode": "810",
            "detail": "kolom 4 baris 3",
            "lokasi": "RAK 1",
            "start_date": "121212",
            "office": "kiyokuni",
            "extn": "121221"
        },
        {
            "id": "19",
            "barcode": "068",
            "detail": "kolom 4 baris 4",
            "lokasi": "RAK 1",
            "start_date": "121212",
            "office": "kiyokuni",
            "extn": "121221"
        },
        {
            "id": "20",
            "barcode": "069",
            "detail": "kolom 4 baris 5",
            "lokasi": "RAK 1",
            "start_date": "121212",
            "office": "kiyokuni",
            "extn": "121221"
        },
        {
            "id": "21",
            "barcode": "491",
            "detail": "kolom 5 baris 1",
            "lokasi": "RAK 1",
            "start_date": "121212",
            "office": "kiyokuni",
            "extn": "121221"
        },
        {
            "id": "22",
            "barcode": "437",
            "detail": "kolom 5 baris 2",
            "lokasi": "RAK 1",
            "start_date": "121212",
            "office": "kiyokuni",
            "extn": "121221"
        },
        {
            "id": "23",
            "barcode": "663",
            "detail": "kolom 5 baris 3",
            "lokasi": "RAK 1",
            "start_date": "121212",
            "office": "kiyokuni",
            "extn": "121221"
        },
        {
            "id": "24",
            "barcode": "464",
            "detail": "kolom 5 baris 4",
            "lokasi": "RAK 1",
            "start_date": "121212",
            "office": "kiyokuni",
            "extn": "121221"
        },
        {
            "id": "25",
            "barcode": "367",
            "detail": "kolom 5 baris 5",
            "lokasi": "RAK 1",
            "start_date": "121212",
            "office": "kiyokuni",
            "extn": "121221"
        },
        {
            "id": "26",
            "barcode": "442",
            "detail": "kolom 6 baris 1",
            "lokasi": "RAK 1",
            "start_date": "121212",
            "office": "kiyokuni",
            "extn": "121221"
        },
        {
            "id": "27",
            "barcode": "334",
            "detail": "kolom 6 baris 2",
            "lokasi": "RAK 1",
            "start_date": "121212",
            "office": "kiyokuni",
            "extn": "121221"
        },
        {
            "id": "28",
            "barcode": "438",
            "detail": "kolom 6 baris 3",
            "lokasi": "RAK 1",
            "start_date": "121212",
            "office": "kiyokuni",
            "extn": "121221"
        },
        {
            "id": "29",
            "barcode": "465",
            "detail": "kolom 6 baris 4",
            "lokasi": "RAK 1",
            "start_date": "121212",
            "office": "kiyokuni",
            "extn": "121221"
        },
        {
            "id": "30",
            "barcode": "308",
            "detail": "kolom 6 baris 5",
            "lokasi": "RAK 1",
            "start_date": "121212",
            "office": "kiyokuni",
            "extn": "121221"
        },
        {
            "id": "31",
            "barcode": "489",
            "detail": "kolom 7 baris 1",
            "lokasi": "RAK 1",
            "start_date": "121212",
            "office": "kiyokuni",
            "extn": "121221"
        },
        {
            "id": "32",
            "barcode": "106",
            "detail": "kolom 7 baris 2",
            "lokasi": "RAK 1",
            "start_date": "121212",
            "office": "kiyokuni",
            "extn": "121221"
        },
        {
            "id": "33",
            "barcode": "937",
            "detail": "kolom 7 baris 3",
            "lokasi": "RAK 1",
            "start_date": "121212",
            "office": "kiyokuni",
            "extn": "121221"
        },
        {
            "id": "34",
            "barcode": "455",
            "detail": "kolom 7 baris 4",
            "lokasi": "RAK 1",
            "start_date": "121212",
            "office": "kiyokuni",
            "extn": "121221"
        },
        {
            "id": "35",
            "barcode": "586",
            "detail": "kolom 7 baris 5",
            "lokasi": "RAK 1",
            "start_date": "121212",
            "office": "kiyokuni",
            "extn": "121221"
        },
        {
            "id": "36",
            "barcode": "011",
            "detail": "kolom 8 baris 1",
            "lokasi": "RAK 1",
            "start_date": "121212",
            "office": "kiyokuni",
            "extn": "121221"
        },
        {
            "id": "37",
            "barcode": "918",
            "detail": "kolom 8 baris 2",
            "lokasi": "RAK 1",
            "start_date": "121212",
            "office": "kiyokuni",
            "extn": "121221"
        },
        {
            "id": "38",
            "barcode": "817",
            "detail": "kolom 8 baris 3",
            "lokasi": "RAK 1",
            "start_date": "121212",
            "office": "kiyokuni",
            "extn": "121221"
        },
        {
            "id": "39",
            "barcode": "456",
            "detail": "kolom 8 baris 4",
            "lokasi": "RAK 1",
            "start_date": "121212",
            "office": "kiyokuni",
            "extn": "121221"
        },
        {
            "id": "40",
            "barcode": "435",
            "detail": "kolom 8 baris 5",
            "lokasi": "RAK 1",
            "start_date": "121212",
            "office": "kiyokuni",
            "extn": "121221"
        },
        {
            "id": "41",
            "barcode": "808",
            "detail": "kolom 9 baris 1",
            "lokasi": "RAK 1",
            "start_date": "121212",
            "office": "kiyokuni",
            "extn": "121221"
        },
        {
            "id": "42",
            "barcode": "929",
            "detail": "kolom 9 baris 2",
            "lokasi": "RAK 1",
            "start_date": "121212",
            "office": "kiyokuni",
            "extn": "121221"
        },
        {
            "id": "43",
            "barcode": "564",
            "detail": "kolom 9 baris 3",
            "lokasi": "RAK 1",
            "start_date": "121212",
            "office": "kiyokuni",
            "extn": "121221"
        },
        {
            "id": "44",
            "barcode": "561",
            "detail": "kolom 9 baris 4",
            "lokasi": "RAK 1",
            "start_date": "121212",
            "office": "kiyokuni",
            "extn": "121221"
        },
        {
            "id": "45",
            "barcode": "639",
            "detail": "kolom 1 baris 1",
            "lokasi": "RAK 2",
            "start_date": "121212",
            "office": "kiyokuni",
            "extn": "121221"
        },
        {
            "id": "46",
            "barcode": "523",
            "detail": "kolom 1 baris 2",
            "lokasi": "RAK 2",
            "start_date": "121212",
            "office": "kiyokuni",
            "extn": "121221"
        },
        {
            "id": "47",
            "barcode": "504",
            "detail": "kolom 1 baris 3",
            "lokasi": "RAK 2",
            "start_date": "121212",
            "office": "kiyokuni",
            "extn": "121221"
        },
        {
            "id": "48",
            "barcode": "013",
            "detail": "kolom 1 baris 4",
            "lokasi": "RAK 2",
            "start_date": "121212",
            "office": "kiyokuni",
            "extn": "121221"
        },
        {
            "id": "49",
            "barcode": "111",
            "detail": "kolom 1 baris 5",
            "lokasi": "RAK 2",
            "start_date": "121212",
            "office": "kiyokuni",
            "extn": "121221"
        },
        {
            "id": "50",
            "barcode": "509",
            "detail": "kolom 2 baris 1",
            "lokasi": "RAK 2",
            "start_date": "121212",
            "office": "kiyokuni",
            "extn": "121221"
        },
        {
            "id": "51",
            "barcode": "892",
            "detail": "kolom 2 baris 2",
            "lokasi": "RAK 2",
            "start_date": "121212",
            "office": "kiyokuni",
            "extn": "121221"
        },
        {
            "id": "52",
            "barcode": "014",
            "detail": "kolom 2 baris 3",
            "lokasi": "RAK 2",
            "start_date": "121212",
            "office": "kiyokuni",
            "extn": "121221"
        },
        {
            "id": "53",
            "barcode": "502",
            "detail": "kolom 2 baris 4",
            "lokasi": "RAK 2",
            "start_date": "121212",
            "office": "kiyokuni",
            "extn": "121221"
        },
        {
            "id": "54",
            "barcode": "056",
            "detail": "kolom 2 baris 5",
            "lokasi": "RAK 2",
            "start_date": "121212",
            "office": "kiyokuni",
            "extn": "121221"
        },
        {
            "id": "55",
            "barcode": "620",
            "detail": "kolom 3 baris 1",
            "lokasi": "RAK 2",
            "start_date": "121212",
            "office": "kiyokuni",
            "extn": "121221"
        },
        {
            "id": "56",
            "barcode": "342",
            "detail": "kolom 3 baris 2",
            "lokasi": "RAK 2",
            "start_date": "121212",
            "office": "kiyokuni",
            "extn": "121221"
        },
        {
            "id": "57",
            "barcode": "617",
            "detail": "kolom 3 baris 3",
            "lokasi": "RAK 2",
            "start_date": "121212",
            "office": "kiyokuni",
            "extn": "121221"
        },
        {
            "id": "58",
            "barcode": "828",
            "detail": "kolom 3 baris 4",
            "lokasi": "RAK 2",
            "start_date": "121212",
            "office": "kiyokuni",
            "extn": "121221"
        },
        {
            "id": "59",
            "barcode": "638",
            "detail": "kolom 3 baris 5",
            "lokasi": "RAK 2",
            "start_date": "121212",
            "office": "kiyokuni",
            "extn": "121221"
        },
        {
            "id": "60",
            "barcode": "671",
            "detail": "kolom 4 baris 1",
            "lokasi": "RAK 2",
            "start_date": "121212",
            "office": "kiyokuni",
            "extn": "121221"
        },
        {
            "id": "61",
            "barcode": "944",
            "detail": "kolom 4 baris 2",
            "lokasi": "RAK 2",
            "start_date": "121212",
            "office": "kiyokuni",
            "extn": "121221"
        },
        {
            "id": "62",
            "barcode": "505",
            "detail": "kolom 4 baris 3",
            "lokasi": "RAK 2",
            "start_date": "121212",
            "office": "kiyokuni",
            "extn": "121221"
        },
        {
            "id": "63",
            "barcode": "012",
            "detail": "kolom 4 baris 4",
            "lokasi": "RAK 2",
            "start_date": "121212",
            "office": "kiyokuni",
            "extn": "121221"
        },
        {
            "id": "64",
            "barcode": "630",
            "detail": "kolom 4 baris 5",
            "lokasi": "RAK 2",
            "start_date": "121212",
            "office": "kiyokuni",
            "extn": "121221"
        },
        {
            "id": "65",
            "barcode": "678",
            "detail": "kolom 5 baris 1",
            "lokasi": "RAK 2",
            "start_date": "121212",
            "office": "kiyokuni",
            "extn": "121221"
        },
        {
            "id": "66",
            "barcode": "968",
            "detail": "kolom 5 baris 2",
            "lokasi": "RAK 2",
            "start_date": "121212",
            "office": "kiyokuni",
            "extn": "121221"
        },
        {
            "id": "67",
            "barcode": "008",
            "detail": "kolom 5 baris 3",
            "lokasi": "RAK 2",
            "start_date": "121212",
            "office": "kiyokuni",
            "extn": "121221"
        },
        {
            "id": "68",
            "barcode": "265",
            "detail": "kolom 5 baris 4",
            "lokasi": "RAK 2",
            "start_date": "121212",
            "office": "kiyokuni",
            "extn": "121221"
        },
        {
            "id": "69",
            "barcode": "494",
            "detail": "kolom 5 baris 5",
            "lokasi": "RAK 2",
            "start_date": "121212",
            "office": "kiyokuni",
            "extn": "121221"
        },
        {
            "id": "70",
            "barcode": "512",
            "detail": "kolom 6 baris 1",
            "lokasi": "RAK 2",
            "start_date": "121212",
            "office": "kiyokuni",
            "extn": "121221"
        },
        {
            "id": "71",
            "barcode": "919",
            "detail": "kolom 6 baris 2",
            "lokasi": "RAK 2",
            "start_date": "121212",
            "office": "kiyokuni",
            "extn": "121221"
        },
        {
            "id": "72",
            "barcode": "082",
            "detail": "kolom 6 baris 3",
            "lokasi": "RAK 2",
            "start_date": "121212",
            "office": "kiyokuni",
            "extn": "121221"
        },
        {
            "id": "73",
            "barcode": "624",
            "detail": "kolom 6 baris 4",
            "lokasi": "RAK 2",
            "start_date": "121212",
            "office": "kiyokuni",
            "extn": "121221"
        },
        {
            "id": "74",
            "barcode": "493",
            "detail": "kolom 6 baris 5",
            "lokasi": "RAK 2",
            "start_date": "121212",
            "office": "kiyokuni",
            "extn": "121221"
        },
        {
            "id": "75",
            "barcode": "329",
            "detail": "kolom 7 baris 1",
            "lokasi": "RAK 2",
            "start_date": "121212",
            "office": "kiyokuni",
            "extn": "121221"
        },
        {
            "id": "76",
            "barcode": "640",
            "detail": "kolom 7 baris 2",
            "lokasi": "RAK 2",
            "start_date": "121212",
            "office": "kiyokuni",
            "extn": "121221"
        },
        {
            "id": "77",
            "barcode": "606",
            "detail": "kolom 7 baris 3",
            "lokasi": "RAK 2",
            "start_date": "121212",
            "office": "kiyokuni",
            "extn": "121221"
        },
        {
            "id": "78",
            "barcode": "3615",
            "detail": "kolom 7 baris 4",
            "lokasi": "RAK 2",
            "start_date": "121212",
            "office": "kiyokuni",
            "extn": "121221"
        },
        {
            "id": "79",
            "barcode": "4615",
            "detail": "kolom 8 baris 1",
            "lokasi": "RAK 2",
            "start_date": "121212",
            "office": "kiyokuni",
            "extn": "121221"
        },
        {
            "id": "80",
            "barcode": "641",
            "detail": "kolom 8 baris 2",
            "lokasi": "RAK 2",
            "start_date": "121212",
            "office": "kiyokuni",
            "extn": "121221"
        },
        {
            "id": "81",
            "barcode": "463",
            "detail": "kolom 8 baris 3",
            "lokasi": "RAK 2",
            "start_date": "121212",
            "office": "kiyokuni",
            "extn": "121221"
        },
        {
            "id": "82",
            "barcode": "616",
            "detail": "kolom 8 baris 4",
            "lokasi": "RAK 2",
            "start_date": "121212",
            "office": "kiyokuni",
            "extn": "121221"
        },
        {
            "id": "83",
            "barcode": "660",
            "detail": "kolom 9 baris 1",
            "lokasi": "RAK 2",
            "start_date": "121212",
            "office": "kiyokuni",
            "extn": "121221"
        },
        {
            "id": "84",
            "barcode": "221",
            "detail": "kolom 9 baris 2",
            "lokasi": "RAK 2",
            "start_date": "121212",
            "office": "kiyokuni",
            "extn": "121221"
        },
        {
            "id": "85",
            "barcode": "499",
            "detail": "kolom 9 baris 3",
            "lokasi": "RAK 2",
            "start_date": "121212",
            "office": "kiyokuni",
            "extn": "121221"
        },
        {
            "id": "86",
            "barcode": "503",
            "detail": "kolom 9 baris 4",
            "lokasi": "RAK 2",
            "start_date": "121212",
            "office": "kiyokuni",
            "extn": "121221"
        },
        {
            "id": "87",
            "barcode": "845",
            "detail": "kolom 1 baris 1",
            "lokasi": "RAK 3 BOX HIJAU",
            "start_date": "121212",
            "office": "kiyokuni",
            "extn": "121221"
        },
        {
            "id": "88",
            "barcode": "496",
            "detail": "kolom 1 baris 2",
            "lokasi": "RAK 3 BOX HIJAU",
            "start_date": "121212",
            "office": "kiyokuni",
            "extn": "121221"
        },
        {
            "id": "89",
            "barcode": "744",
            "detail": "kolom 1 baris 3",
            "lokasi": "RAK 3 BOX HIJAU",
            "start_date": "121212",
            "office": "kiyokuni",
            "extn": "121221"
        },
        {
            "id": "90",
            "barcode": "129",
            "detail": "kolom 1 baris 4",
            "lokasi": "RAK 3 BOX HIJAU",
            "start_date": "121212",
            "office": "kiyokuni",
            "extn": "121221"
        },
        {
            "id": "91",
            "barcode": "276",
            "detail": "kolom 2 baris 1",
            "lokasi": "RAK 3 BOX HIJAU",
            "start_date": "121212",
            "office": "kiyokuni",
            "extn": "121221"
        },
        {
            "id": "92",
            "barcode": "650",
            "detail": "kolom 2 baris 2",
            "lokasi": "RAK 3 BOX HIJAU",
            "start_date": "121212",
            "office": "kiyokuni",
            "extn": "121221"
        },
        {
            "id": "93",
            "barcode": "876",
            "detail": "kolom 2 baris 3",
            "lokasi": "RAK 3 BOX HIJAU",
            "start_date": "121212",
            "office": "kiyokuni",
            "extn": "121221"
        },
        {
            "id": "94",
            "barcode": "274",
            "detail": "kolom 2 baris 4",
            "lokasi": "RAK 3 BOX HIJAU",
            "start_date": "121212",
            "office": "kiyokuni",
            "extn": "121221"
        },
        {
            "id": "95",
            "barcode": "300",
            "detail": "kolom 3 baris 1",
            "lokasi": "RAK 3 BOX HIJAU",
            "start_date": "121212",
            "office": "kiyokuni",
            "extn": "121221"
        },
        {
            "id": "96",
            "barcode": "267",
            "detail": "kolom 3 baris 2",
            "lokasi": "RAK 3 BOX HIJAU",
            "start_date": "121212",
            "office": "kiyokuni",
            "extn": "121221"
        },
        {
            "id": "97",
            "barcode": "250",
            "detail": "kolom 3 baris 3",
            "lokasi": "RAK 3 BOX HIJAU",
            "start_date": "121212",
            "office": "kiyokuni",
            "extn": "121221"
        },
        {
            "id": "98",
            "barcode": "029",
            "detail": "kolom 4 baris 1",
            "lokasi": "RAK 3 BOX HIJAU",
            "start_date": "121212",
            "office": "kiyokuni",
            "extn": "121221"
        },
        {
            "id": "99",
            "barcode": "065",
            "detail": "kolom 4 baris 2",
            "lokasi": "RAK 3 BOX HIJAU",
            "start_date": "121212",
            "office": "kiyokuni",
            "extn": "121221"
        },
        {
            "id": "100",
            "barcode": "220",
            "detail": "kolom 4 baris 3",
            "lokasi": "RAK 3 BOX HIJAU",
            "start_date": "121212",
            "office": "kiyokuni",
            "extn": "121221"
        },
        {
            "id": "101",
            "barcode": "293",
            "detail": "kolom 5 baris 1",
            "lokasi": "RAK 3 BOX HIJAU",
            "start_date": "121212",
            "office": "kiyokuni",
            "extn": "121221"
        },
        {
            "id": "102",
            "barcode": "301",
            "detail": "kolom 6 baris 1",
            "lokasi": "RAK 3 BOX HIJAU",
            "start_date": "121212",
            "office": "kiyokuni",
            "extn": "121221"
        },
        {
            "id": "103",
            "barcode": "299",
            "detail": "kolom 6 baris 2",
            "lokasi": "RAK 3 BOX HIJAU",
            "start_date": "121212",
            "office": "kiyokuni",
            "extn": "121221"
        },
        {
            "id": "104",
            "barcode": "237",
            "detail": "kolom 6 baris 3",
            "lokasi": "RAK 3 BOX HIJAU",
            "start_date": "121212",
            "office": "kiyokuni",
            "extn": "121221"
        },
        {
            "id": "105",
            "barcode": "665",
            "detail": "kolom 6 baris 4",
            "lokasi": "RAK 3 BOX HIJAU",
            "start_date": "121212",
            "office": "kiyokuni",
            "extn": "121221"
        },
        {
            "id": "106",
            "barcode": "271",
            "detail": "kolom 6 baris 5",
            "lokasi": "RAK 3 BOX HIJAU",
            "start_date": "121212",
            "office": "kiyokuni",
            "extn": "121221"
        },
        {
            "id": "107",
            "barcode": "292",
            "detail": "kolom 7 baris 1",
            "lokasi": "RAK 3 BOX HIJAU",
            "start_date": "121212",
            "office": "kiyokuni",
            "extn": "121221"
        },
        {
            "id": "108",
            "barcode": "501",
            "detail": "kolom 7 baris 2",
            "lokasi": "RAK 3 BOX HIJAU",
            "start_date": "121212",
            "office": "kiyokuni",
            "extn": "121221"
        },
        {
            "id": "109",
            "barcode": "436",
            "detail": "kolom 7 baris 3",
            "lokasi": "RAK 3 BOX HIJAU",
            "start_date": "121212",
            "office": "kiyokuni",
            "extn": "121221"
        },
        {
            "id": "110",
            "barcode": "285",
            "detail": "kolom 8 baris 1",
            "lokasi": "RAK 3 BOX HIJAU",
            "start_date": "121212",
            "office": "kiyokuni",
            "extn": "121221"
        },
        {
            "id": "111",
            "barcode": "006",
            "detail": "kolom 8 baris 2",
            "lokasi": "RAK 3 BOX HIJAU",
            "start_date": "121212",
            "office": "kiyokuni",
            "extn": "121221"
        },
        {
            "id": "112",
            "barcode": "038",
            "detail": "kolom 8 baris 3",
            "lokasi": "RAK 3 BOX HIJAU",
            "start_date": "121212",
            "office": "kiyokuni",
            "extn": "121221"
        },
        {
            "id": "113",
            "barcode": "6000",
            "detail": "kolom 9 baris 1",
            "lokasi": "RAK 3 BOX HIJAU",
            "start_date": "121212",
            "office": "kiyokuni",
            "extn": "121221"
        },
        {
            "id": "114",
            "barcode": "041",
            "detail": "kolom 9 baris 2",
            "lokasi": "RAK 3 BOX HIJAU",
            "start_date": "121212",
            "office": "kiyokuni",
            "extn": "121221"
        },
        {
            "id": "115",
            "barcode": "680",
            "detail": "kolom 9 baris 3",
            "lokasi": "RAK 3 BOX HIJAU",
            "start_date": "121212",
            "office": "kiyokuni",
            "extn": "121221"
        },
        {
            "id": "116",
            "barcode": "627",
            "detail": "kolom 9 baris 4",
            "lokasi": "RAK 3 BOX HIJAU",
            "start_date": "121212",
            "office": "kiyokuni",
            "extn": "121221"
        },
        {
            "id": "117",
            "barcode": "030",
            "detail": "kolom 10 baris 1",
            "lokasi": "RAK 3 BOX HIJAU",
            "start_date": "121212",
            "office": "kiyokuni",
            "extn": "121221"
        },
        {
            "id": "118",
            "barcode": "532",
            "detail": "kolom 10 baris 2",
            "lokasi": "RAK 3 BOX HIJAU",
            "start_date": "121212",
            "office": "kiyokuni",
            "extn": "121221"
        },
        {
            "id": "119",
            "barcode": "681",
            "detail": "kolom 10 baris 3",
            "lokasi": "RAK 3 BOX HIJAU",
            "start_date": "121212",
            "office": "kiyokuni",
            "extn": "121221"
        },
        {
            "id": "120",
            "barcode": "935",
            "detail": "kolom 10 baris 4",
            "lokasi": "RAK 3 BOX HIJAU",
            "start_date": "121212",
            "office": "kiyokuni",
            "extn": "121221"
        },
        {
            "id": "121",
            "barcode": "132",
            "detail": "kolom 11 baris 1",
            "lokasi": "RAK 3 BOX HIJAU",
            "start_date": "121212",
            "office": "kiyokuni",
            "extn": "121221"
        },
        {
            "id": "122",
            "barcode": "531",
            "detail": "kolom 11 baris 2",
            "lokasi": "RAK 3 BOX HIJAU",
            "start_date": "121212",
            "office": "kiyokuni",
            "extn": "121221"
        },
        {
            "id": "123",
            "barcode": "664",
            "detail": "kolom 11 baris 3",
            "lokasi": "RAK 3 BOX HIJAU",
            "start_date": "121212",
            "office": "kiyokuni",
            "extn": "121221"
        },
        {
            "id": "124",
            "barcode": "164",
            "detail": "kolom 11 baris 4",
            "lokasi": "RAK 3 BOX HIJAU",
            "start_date": "121212",
            "office": "kiyokuni",
            "extn": "121221"
        },
        {
            "id": "125",
            "barcode": "618",
            "detail": "1 dari kiri",
            "lokasi": "LIFT 7 B dekat Pintu Exit",
            "start_date": "121212",
            "office": "kiyokuni",
            "extn": "121221"
        },
        {
            "id": "126",
            "barcode": "606",
            "detail": "2 dari kiri",
            "lokasi": "LIFT 7 B dekat Pintu Exit",
            "start_date": "121212",
            "office": "kiyokuni",
            "extn": "121221"
        },
        {
            "id": "127",
            "barcode": "608",
            "detail": "3 dari kiri",
            "lokasi": "LIFT 7 B dekat Pintu Exit",
            "start_date": "121212",
            "office": "kiyokuni",
            "extn": "121221"
        },
        {
            "id": "128",
            "barcode": "611",
            "detail": "4 dari kiri",
            "lokasi": "LIFT 7 B dekat Pintu Exit",
            "start_date": "121212",
            "office": "kiyokuni",
            "extn": "121221"
        },
        {
            "id": "129",
            "barcode": "332",
            "detail": "5 dari kiri",
            "lokasi": "LIFT 7 B dekat Pintu Exit",
            "start_date": "121212",
            "office": "kiyokuni",
            "extn": "121221"
        },
        {
            "id": "130",
            "barcode": "912",
            "detail": "6 dari kiri",
            "lokasi": "LIFT 7 B dekat Pintu Exit",
            "start_date": "121212",
            "office": "kiyokuni",
            "extn": "121221"
        },
        {
            "id": "131",
            "barcode": "316",
            "detail": "7 dari kiri",
            "lokasi": "LIFT 7 B dekat Pintu Exit",
            "start_date": "121212",
            "office": "kiyokuni",
            "extn": "121221"
        },
        {
            "id": "132",
            "barcode": "310",
            "detail": "8 dari kiri",
            "lokasi": "LIFT 7 B dekat Pintu Exit",
            "start_date": "121212",
            "office": "kiyokuni",
            "extn": "121221"
        },
        {
            "id": "133",
            "barcode": "968",
            "detail": "1 dari kiri",
            "lokasi": "LIFT 7 A dekat Pintu Exit",
            "start_date": "121212",
            "office": "kiyokuni",
            "extn": "121221"
        },
        {
            "id": "134",
            "barcode": "816",
            "detail": "2 dari kiri",
            "lokasi": "LIFT 7 A dekat Pintu Exit",
            "start_date": "121212",
            "office": "kiyokuni",
            "extn": "121221"
        },
        {
            "id": "135",
            "barcode": "930",
            "detail": "3 dari kiri",
            "lokasi": "LIFT 7 A dekat Pintu Exit",
            "start_date": "121212",
            "office": "kiyokuni",
            "extn": "121221"
        },
        {
            "id": "136",
            "barcode": "815",
            "detail": "4 dari kiri",
            "lokasi": "LIFT 7 A dekat Pintu Exit",
            "start_date": "121212",
            "office": "kiyokuni",
            "extn": "121221"
        },
        {
            "id": "137",
            "barcode": "916",
            "detail": "5 dari kiri",
            "lokasi": "LIFT 7 A dekat Pintu Exit",
            "start_date": "121212",
            "office": "kiyokuni",
            "extn": "121221"
        },
        {
            "id": "138",
            "barcode": "107",
            "detail": "6 dari kiri",
            "lokasi": "LIFT 7 A dekat Pintu Exit",
            "start_date": "121212",
            "office": "kiyokuni",
            "extn": "121221"
        },
        {
            "id": "139",
            "barcode": "913",
            "detail": "7 dari kiri",
            "lokasi": "LIFT 7 A dekat Pintu Exit",
            "start_date": "121212",
            "office": "kiyokuni",
            "extn": "121221"
        },
        {
            "id": "140",
            "barcode": "079",
            "detail": "1 dari kiri",
            "lokasi": "Gang 5",
            "start_date": "121212",
            "office": "kiyokuni",
            "extn": "121221"
        },
        {
            "id": "141",
            "barcode": "818",
            "detail": "2 dari kiri",
            "lokasi": "Gang 5",
            "start_date": "121212",
            "office": "kiyokuni",
            "extn": "121221"
        },
        {
            "id": "142",
            "barcode": "917",
            "detail": "3 dari kiri",
            "lokasi": "Gang 5",
            "start_date": "121212",
            "office": "kiyokuni",
            "extn": "121221"
        },
        {
            "id": "143",
            "barcode": "076",
            "detail": "4 dari kiri",
            "lokasi": "Gang 5",
            "start_date": "121212",
            "office": "kiyokuni",
            "extn": "121221"
        },
        {
            "id": "144",
            "barcode": "303",
            "detail": "5 dari kiri",
            "lokasi": "Gang 5",
            "start_date": "121212",
            "office": "kiyokuni",
            "extn": "121221"
        },
        {
            "id": "145",
            "barcode": "302",
            "detail": "6 dari kiri",
            "lokasi": "Gang 5",
            "start_date": "121212",
            "office": "kiyokuni",
            "extn": "121221"
        },
        {
            "id": "146",
            "barcode": "346",
            "detail": "7 dari kiri",
            "lokasi": "Gang 5",
            "start_date": "121212",
            "office": "kiyokuni",
            "extn": "121221"
        },
        {
            "id": "147",
            "barcode": "347",
            "detail": "8 dari kiri",
            "lokasi": "Gang 5",
            "start_date": "121212",
            "office": "kiyokuni",
            "extn": "121221"
        },
        {
            "id": "148",
            "barcode": "919",
            "detail": "9 dari kiri",
            "lokasi": "Gang 5",
            "start_date": "121212",
            "office": "kiyokuni",
            "extn": "121221"
        },
        {
            "id": "149",
            "barcode": "452",
            "detail": "Screew Office",
            "lokasi": "Screw",
            "start_date": "121212",
            "office": "kiyokuni",
            "extn": "121221"
        },
        {
            "id": "150",
            "barcode": "387",
            "detail": "Screew Office",
            "lokasi": "Screw",
            "start_date": "121212",
            "office": "kiyokuni",
            "extn": "121221"
        },
        {
            "id": "151",
            "barcode": "377",
            "detail": "Screew Office",
            "lokasi": "Screw",
            "start_date": "121212",
            "office": "kiyokuni",
            "extn": "121221"
        },
        {
            "id": "152",
            "barcode": "407",
            "detail": "Screew Office",
            "lokasi": "Screw",
            "start_date": "121212",
            "office": "kiyokuni",
            "extn": "121221"
        },
        {
            "id": "153",
            "barcode": "370",
            "detail": "Screew Office",
            "lokasi": "Screw",
            "start_date": "121212",
            "office": "kiyokuni",
            "extn": "121221"
        },
        {
            "id": "154",
            "barcode": "378",
            "detail": "Screew Office",
            "lokasi": "Screw",
            "start_date": "121212",
            "office": "kiyokuni",
            "extn": "121221"
        },
        {
            "id": "155",
            "barcode": "565",
            "detail": "Screew Rak 2",
            "lokasi": "Screw",
            "start_date": "121212",
            "office": "kiyokuni",
            "extn": "121221"
        },
        {
            "id": "156",
            "barcode": "937",
            "detail": "Screew Rak 2",
            "lokasi": "Screw",
            "start_date": "121212",
            "office": "kiyokuni",
            "extn": "121221"
        },
        {
            "id": "157",
            "barcode": "774",
            "detail": "Screew Rak 2",
            "lokasi": "Screw",
            "start_date": "121212",
            "office": "kiyokuni",
            "extn": "121221"
        },
        {
            "id": "158",
            "barcode": "498",
            "detail": "Screew Rak 2",
            "lokasi": "Screw",
            "start_date": "121212",
            "office": "kiyokuni",
            "extn": "121221"
        },
        {
            "id": "159",
            "barcode": "276",
            "detail": "Screew Rak 2",
            "lokasi": "Screw",
            "start_date": "121212",
            "office": "kiyokuni",
            "extn": "121221"
        },
        {
            "id": "160",
            "barcode": "371",
            "detail": "Screew Rak 2",
            "lokasi": "Screw",
            "start_date": "121212",
            "office": "kiyokuni",
            "extn": "121221"
        },
        {
            "id": "161",
            "barcode": "627",
            "detail": "Screew Rak 2",
            "lokasi": "Screw",
            "start_date": "121212",
            "office": "kiyokuni",
            "extn": "121221"
        },
        {
            "id": "162",
            "barcode": "932",
            "detail": "Screew Rak 2",
            "lokasi": "Screw",
            "start_date": "121212",
            "office": "kiyokuni",
            "extn": "121221"
        },
        {
            "id": "163",
            "barcode": "410",
            "detail": "Screew Rak 2",
            "lokasi": "Screw",
            "start_date": "121212",
            "office": "kiyokuni",
            "extn": "121221"
        },
        {
            "id": "164",
            "barcode": "323",
            "detail": "Screew Rak 2",
            "lokasi": "Screw",
            "start_date": "121212",
            "office": "kiyokuni",
            "extn": "121221"
        },
        {
            "id": "165",
            "barcode": "039",
            "detail": "Screew Rak 2",
            "lokasi": "Screw",
            "start_date": "121212",
            "office": "kiyokuni",
            "extn": "121221"
        },
        {
            "id": "166",
            "barcode": "936",
            "detail": "Screew Rak 2",
            "lokasi": "Screw",
            "start_date": "121212",
            "office": "kiyokuni",
            "extn": "121221"
        },
        {
            "id": "167",
            "barcode": "928",
            "detail": "Screew Rak 2",
            "lokasi": "Screw",
            "start_date": "121212",
            "office": "kiyokuni",
            "extn": "121221"
        },
        {
            "id": "168",
            "barcode": "370",
            "detail": "Screew Rak 2",
            "lokasi": "Screw",
            "start_date": "121212",
            "office": "kiyokuni",
            "extn": "121221"
        },
        {
            "id": "169",
            "barcode": "556",
            "detail": "Screew Rak 2",
            "lokasi": "Screw",
            "start_date": "121212",
            "office": "kiyokuni",
            "extn": "121221"
        },
        {
            "id": "170",
            "barcode": "411",
            "detail": "Screew Rak 2",
            "lokasi": "Screw",
            "start_date": "121212",
            "office": "kiyokuni",
            "extn": "121221"
        },
        {
            "id": "171",
            "barcode": "961",
            "detail": "Screew Rak 2",
            "lokasi": "Screw",
            "start_date": "121212",
            "office": "kiyokuni",
            "extn": "121221"
        },
        {
            "id": "172",
            "barcode": "930",
            "detail": "Screew Rak 2",
            "lokasi": "Screw",
            "start_date": "121212",
            "office": "kiyokuni",
            "extn": "121221"
        },
        {
            "id": "173",
            "barcode": "091",
            "detail": "Screew Rak 2",
            "lokasi": "Screw",
            "start_date": "121212",
            "office": "kiyokuni",
            "extn": "121221"
        },
        {
            "id": "174",
            "barcode": "965",
            "detail": "Screew Rak 2",
            "lokasi": "Screw",
            "start_date": "121212",
            "office": "kiyokuni",
            "extn": "121221"
        },
        {
            "id": "175",
            "barcode": "616",
            "detail": "Screew Rak 2",
            "lokasi": "Screw",
            "start_date": "121212",
            "office": "kiyokuni",
            "extn": "121221"
        },
        {
            "id": "176",
            "barcode": "560",
            "detail": "Screew Rak 2",
            "lokasi": "Screw",
            "start_date": "121212",
            "office": "kiyokuni",
            "extn": "121221"
        },
        {
            "id": "177",
            "barcode": "626",
            "detail": "Screew Rak 2",
            "lokasi": "Screw",
            "start_date": "121212",
            "office": "kiyokuni",
            "extn": "121221"
        },
        {
            "id": "178",
            "barcode": "530",
            "detail": "Screew Rak 2",
            "lokasi": "Screw",
            "start_date": "121212",
            "office": "kiyokuni",
            "extn": "121221"
        },
        {
            "id": "179",
            "barcode": "055",
            "detail": "Screew Rak 2",
            "lokasi": "Screw",
            "start_date": "121212",
            "office": "kiyokuni",
            "extn": "121221"
        },
        {
            "id": "180",
            "barcode": "118",
            "detail": "Screew Rak 2",
            "lokasi": "Screw",
            "start_date": "121212",
            "office": "kiyokuni",
            "extn": "121221"
        },
        {
            "id": "181",
            "barcode": "204",
            "detail": "Screew Rak 2",
            "lokasi": "Screw",
            "start_date": "121212",
            "office": "kiyokuni",
            "extn": "121221"
        },
        {
            "id": "182",
            "barcode": "173",
            "detail": "Screew Rak 2",
            "lokasi": "Screw",
            "start_date": "121212",
            "office": "kiyokuni",
            "extn": "121221"
        },
        {
            "id": "183",
            "barcode": "240",
            "detail": "Screew Rak 2",
            "lokasi": "Screw",
            "start_date": "121212",
            "office": "kiyokuni",
            "extn": "121221"
        },
        {
            "id": "184",
            "barcode": "489",
            "detail": "Screew Rak 2",
            "lokasi": "Screw",
            "start_date": "121212",
            "office": "kiyokuni",
            "extn": "121221"
        },
        {
            "id": "185",
            "barcode": "732",
            "detail": "Screew Rak 2",
            "lokasi": "Screw",
            "start_date": "121212",
            "office": "kiyokuni",
            "extn": "121221"
        },
        {
            "id": "186",
            "barcode": "697",
            "detail": "Screew Rak 2",
            "lokasi": "Screw",
            "start_date": "121212",
            "office": "kiyokuni",
            "extn": "121221"
        },
        {
            "id": "187",
            "barcode": "963",
            "detail": "Screew Rak 2",
            "lokasi": "Screw",
            "start_date": "121212",
            "office": "kiyokuni",
            "extn": "121221"
        },
        {
            "id": "188",
            "barcode": "390",
            "detail": "Screew Rak 2",
            "lokasi": "Screw",
            "start_date": "121212",
            "office": "kiyokuni",
            "extn": "121221"
        },
        {
            "id": "189",
            "barcode": "067",
            "detail": "Screew Rak 2",
            "lokasi": "Screw",
            "start_date": "121212",
            "office": "kiyokuni",
            "extn": "121221"
        },
        {
            "id": "190",
            "barcode": "723",
            "detail": "Screew Rak 2",
            "lokasi": "Screw",
            "start_date": "121212",
            "office": "kiyokuni",
            "extn": "121221"
        },
          {
            "id": "191",
            "barcode": "464",
            "detail": "Barang Khusus Di Rak A3 FN",
            "lokasi": "Rak A3",
            "start_date": "121212",
            "office": "kiyokuni",
            "extn": "121221"
        }
    ]
}